{
    "name": "root",
    "metadata": {
        "timer_format_version": "0.1.0",
        "start_time_seconds": "1709919985",
        "python_version": "3.9.18 (main, Sep 11 2023, 14:09:26) [MSC v.1916 64 bit (AMD64)]",
        "command_line_arguments": "C:\\Users\\LENOVO\\anaconda3\\envs\\mlagents\\Scripts\\mlagents-learn --run-id=ChaserRun1",
        "mlagents_version": "1.0.0",
        "mlagents_envs_version": "1.0.0",
        "communication_protocol_version": "1.5.0",
        "pytorch_version": "2.2.1+cu121",
        "numpy_version": "1.21.2",
        "end_time_seconds": "1709920109"
    },
    "total": 124.1486805,
    "count": 1,
    "self": 0.0076657999999980575,
    "children": {
        "run_training.setup": {
            "total": 0.031663399999999786,
            "count": 1,
            "self": 0.031663399999999786
        },
        "TrainerController.start_learning": {
            "total": 124.1093513,
            "count": 1,
            "self": 0.17161140000020225,
            "children": {
                "TrainerController._reset_env": {
                    "total": 11.6028781,
                    "count": 1,
                    "self": 11.6028781
                },
                "TrainerController.advance": {
                    "total": 112.1120168999998,
                    "count": 5676,
                    "self": 0.15389429999942195,
                    "children": {
                        "env_step": {
                            "total": 111.19485600000012,
                            "count": 5676,
                            "self": 99.86749460000027,
                            "children": {
                                "SubprocessEnvManager._take_step": {
                                    "total": 11.220473200000098,
                                    "count": 5676,
                                    "self": 0.4399895000000633,
                                    "children": {
                                        "TorchPolicy.evaluate": {
                                            "total": 10.780483700000035,
                                            "count": 5617,
                                            "self": 10.780483700000035
                                        }
                                    }
                                },
                                "workers": {
                                    "total": 0.10688819999974264,
                                    "count": 5675,
                                    "self": 0.0,
                                    "children": {
                                        "worker_root": {
                                            "total": 49.74910700000016,
                                            "count": 5675,
                                            "is_parallel": true,
                                            "self": 20.976958900000064,
                                            "children": {
                                                "steps_from_proto": {
                                                    "total": 0.004735900000000015,
                                                    "count": 1,
                                                    "is_parallel": true,
                                                    "self": 0.0016420999999997576,
                                                    "children": {
                                                        "_process_rank_one_or_two_observation": {
                                                            "total": 0.0030938000000002575,
                                                            "count": 2,
                                                            "is_parallel": true,
                                                            "self": 0.0030938000000002575
                                                        }
                                                    }
                                                },
                                                "UnityEnvironment.step": {
                                                    "total": 28.767412200000095,
                                                    "count": 5675,
                                                    "is_parallel": true,
                                                    "self": 0.6208813999996501,
                                                    "children": {
                                                        "UnityEnvironment._generate_step_input": {
                                                            "total": 0.4928480000001194,
                                                            "count": 5675,
                                                            "is_parallel": true,
                                                            "self": 0.4928480000001194
                                                        },
                                                        "communicator.exchange": {
                                                            "total": 25.61421969999998,
                                                            "count": 5675,
                                                            "is_parallel": true,
                                                            "self": 25.61421969999998
                                                        },
                                                        "steps_from_proto": {
                                                            "total": 2.039463100000347,
                                                            "count": 5675,
                                                            "is_parallel": true,
                                                            "self": 1.2464378999998704,
                                                            "children": {
                                                                "_process_rank_one_or_two_observation": {
                                                                    "total": 0.7930252000004767,
                                                                    "count": 11350,
                                                                    "is_parallel": true,
                                                                    "self": 0.7930252000004767
                                                                }
                                                            }
                                                        }
                                                    }
                                                }
                                            }
                                        }
                                    }
                                }
                            }
                        },
                        "trainer_advance": {
                            "total": 0.7632666000002644,
                            "count": 5675,
                            "self": 0.19921610000012713,
                            "children": {
                                "process_trajectory": {
                                    "total": 0.5640505000001372,
                                    "count": 5675,
                                    "self": 0.5640505000001372
                                }
                            }
                        }
                    }
                },
                "TrainerController._save_models": {
                    "total": 0.22284489999999835,
                    "count": 1,
                    "self": 0.015847700000009013,
                    "children": {
                        "RLTrainer._checkpoint": {
                            "total": 0.20699719999998933,
                            "count": 1,